{
  "params": {
    "ttPolicy": "SPLIT_SINGLE_DATASET",
    "ssdSplitMode": "RANDOM",
    "splitBeforePrepare": true,
    "ssdSelection": {
      "useMemTable": false,
      "filter": {
        "distinct": false,
        "enabled": false
      },
      "partitionSelectionMethod": "ALL",
      "latestPartitionsN": 1,
      "ordering": {
        "enabled": false,
        "rules": []
      },
      "samplingMethod": "HEAD_SEQUENTIAL",
      "maxRecords": 100000,
      "targetRatio": 0.02,
      "withinFirstN": -1,
      "maxReadUncompressedBytes": -1
    },
    "ssdTrainingRatio": 0.8,
    "ssdSeed": 1337,
    "testOnLargerValues": true,
    "kfold": false,
    "nFolds": 5,
    "instanceIdRefresher": 0,
    "subSamplingSeed": 1337
  },
  "generationDate": 1626190022642,
  "policyId": "type\u003dSPLIT_SINGLE_DATASET,split\u003dRANDOM,splitBeforePrepare\u003dtrue,ds\u003dsamples_with_target,sel\u003d(method\u003dhead-s,records\u003d100000),r\u003d0.8,s\u003d1337",
  "instanceId": "dcadbaeb52ead3c274814e10f7115ab9-0",
  "format": "csv1",
  "schema": {
    "columns": [
      {"name":"user_id","type":"string"},
      {"name":"item_id","type":"string"},
      {"name":"score_1","type":"double"},
      {"name":"score_2","type":"double"},
      {"name":"target","type":"bigint"}
    ],
    "userModified": false
  },
  "trainPath": "train-dcadbaeb52ead3c274814e10f7115ab9-0.csv.gz",
  "testPath": "test-dcadbaeb52ead3c274814e10f7115ab9-0.csv.gz",
  "trainRows": 3677,
  "testRows": 877,
  "fullRows": 0
}