{
  "pages": [
    {
      "id": "oLOeodo",
      "grid": {
        "tiles": [
          {
            "tileType": "INSIGHT",
            "box": {
              "top": 0,
              "left": 0,
              "width": 2,
              "height": 5
            },
            "clickAction": "OPEN_INSIGHT",
            "tileParams": {
              "showName": true,
              "showDescription": true,
              "showCustomFields": true,
              "showStorageType": false,
              "showMeaning": false,
              "showProgressBar": false
            },
            "autoLoad": true,
            "showTitle": "YES",
            "insightId": "WqTJeZC",
            "insightType": "dataset_table",
            "displayMode": "INSIGHT",
            "resizeImageMode": "FIT_SIZE"
          }
        ]
      },
      "showTitle": false
    }
  ],
  "owner": "data_scientist_1",
  "listed": true,
  "name": "Reco user case\u0027s default dashboard",
  "showGrid": true,
  "versionTag": {
    "versionNumber": 11,
    "lastModifiedBy": {
      "login": "admin"
    },
    "lastModifiedOn": 1624982403463
  },
  "creationTag": {
    "versionNumber": 0,
    "lastModifiedBy": {
      "login": "data_scientist_1"
    },
    "lastModifiedOn": 1621332764728
  },
  "tags": [],
  "customFields": {},
  "checklists": {
    "checklists": []
  }
}