{
    "startedAt": 1626190025417,
    "gridSize": 5,
    "nThreads": 4,
    "nSplits": 5,
    "metric": "ROC_AUC",
    "timeout": null,
    "gridPoints": [
        {
            "finishedAt": 1626190025496,
            "score": 0.5643825379040668,
            "testScoreGibMean": 0.5643825379040668,
            "testScoreMean": 0.5643825379040668,
            "testScoreStd": 0.025066430354874134,
            "trainScoreMean": 0.5656656711711141,
            "trainScoreStd": 0.0061505372768956516,
            "time": 216,
            "fitTimeMean": 10.4,
            "fitTimeStd": 2.5768197453450252,
            "scoreTimeMean": 32.8,
            "scoreTimeStd": 5.1536394906900505,
            "best_iteration": null,
            "parameters": {
                "C": 0.1,
                "penalty": "l2"
            }
        },
        {
            "finishedAt": 1626190025549,
            "score": 0.564498011456796,
            "testScoreGibMean": 0.564498011456796,
            "testScoreMean": 0.564498011456796,
            "testScoreStd": 0.025087945379860286,
            "trainScoreMean": 0.5656789998160937,
            "trainScoreStd": 0.006173593457010889,
            "time": 196,
            "fitTimeMean": 9.2,
            "fitTimeStd": 1.9390719429665317,
            "scoreTimeMean": 30.0,
            "scoreTimeStd": 3.7416573867739413,
            "best_iteration": null,
            "parameters": {
                "C": 0.01,
                "penalty": "l2"
            }
        },
        {
            "finishedAt": 1626190025606,
            "score": 0.5644158114101998,
            "testScoreGibMean": 0.5644158114101998,
            "testScoreMean": 0.5644158114101998,
            "testScoreStd": 0.025026593541129637,
            "trainScoreMean": 0.5656736286115148,
            "trainScoreStd": 0.006134382938360481,
            "time": 210,
            "fitTimeMean": 10.0,
            "fitTimeStd": 1.4142135623730951,
            "scoreTimeMean": 32.0,
            "scoreTimeStd": 4.242640687119285,
            "best_iteration": null,
            "parameters": {
                "C": 10.0,
                "penalty": "l2"
            }
        },
        {
            "finishedAt": 1626190025654,
            "score": 0.5644216849008006,
            "testScoreGibMean": 0.5644216849008006,
            "testScoreMean": 0.5644216849008006,
            "testScoreStd": 0.02503029122730658,
            "trainScoreMean": 0.5656708141143931,
            "trainScoreStd": 0.006139761685801649,
            "time": 216,
            "fitTimeMean": 10.8,
            "fitTimeStd": 1.7204650534085253,
            "scoreTimeMean": 32.4,
            "scoreTimeStd": 4.127953488110059,
            "best_iteration": null,
            "parameters": {
                "C": 1.0,
                "penalty": "l2"
            }
        },
        {
            "finishedAt": 1626190025711,
            "score": 0.5644118963502538,
            "testScoreGibMean": 0.5644118963502538,
            "testScoreMean": 0.5644118963502538,
            "testScoreStd": 0.025026355404255754,
            "trainScoreMean": 0.5656754641241571,
            "trainScoreStd": 0.006133253802934053,
            "time": 226,
            "fitTimeMean": 12.2,
            "fitTimeStd": 6.615134163416491,
            "scoreTimeMean": 33.0,
            "scoreTimeStd": 12.016655108639842,
            "best_iteration": null,
            "parameters": {
                "C": 100.0,
                "penalty": "l2"
            }
        }
    ]
}