[
    {
        "test_score_gib": 0.5703763440860216,
        "train_score": 0.5642848752697961,
        "test_score": 0.5703763440860216,
        "num_samples": 736,
        "fit_time": 10,
        "score_time": 39,
        "time": 49,
        "parameters": {
            "C": 0.1,
            "penalty": "l2"
        },
        "best_iteration": null,
        "done_at": 1626190025470,
        "split_id": 0
    },
    {
        "test_score_gib": 0.5957233626588465,
        "train_score": 0.5578140523979425,
        "test_score": 0.5957233626588465,
        "num_samples": 736,
        "fit_time": 11,
        "score_time": 25,
        "time": 36,
        "parameters": {
            "C": 0.1,
            "penalty": "l2"
        },
        "best_iteration": null,
        "done_at": 1626190025457,
        "split_id": 1
    },
    {
        "test_score_gib": 0.5660144544332805,
        "train_score": 0.5652294485700587,
        "test_score": 0.5660144544332805,
        "num_samples": 735,
        "fit_time": 8,
        "score_time": 34,
        "time": 42,
        "parameters": {
            "C": 0.1,
            "penalty": "l2"
        },
        "best_iteration": null,
        "done_at": 1626190025467,
        "split_id": 2
    },
    {
        "test_score_gib": 0.5187976183481207,
        "train_score": 0.5767734230532156,
        "test_score": 0.5187976183481207,
        "num_samples": 735,
        "fit_time": 15,
        "score_time": 37,
        "time": 52,
        "parameters": {
            "C": 0.1,
            "penalty": "l2"
        },
        "best_iteration": null,
        "done_at": 1626190025478,
        "split_id": 3
    },
    {
        "test_score_gib": 0.5709501145778247,
        "train_score": 0.5642391176729578,
        "test_score": 0.5709501145778247,
        "num_samples": 735,
        "fit_time": 8,
        "score_time": 29,
        "time": 37,
        "parameters": {
            "C": 0.1,
            "penalty": "l2"
        },
        "best_iteration": null,
        "done_at": 1626190025496,
        "split_id": 4
    },
    {
        "test_score_gib": 0.5703176930596285,
        "train_score": 0.5643307589528241,
        "test_score": 0.5703176930596285,
        "num_samples": 736,
        "fit_time": 8,
        "score_time": 26,
        "time": 34,
        "parameters": {
            "C": 0.01,
            "penalty": "l2"
        },
        "best_iteration": null,
        "done_at": 1626190025503,
        "split_id": 0
    },
    {
        "test_score_gib": 0.5960068426197458,
        "train_score": 0.5577822397110429,
        "test_score": 0.5960068426197458,
        "num_samples": 736,
        "fit_time": 8,
        "score_time": 28,
        "time": 36,
        "parameters": {
            "C": 0.01,
            "penalty": "l2"
        },
        "best_iteration": null,
        "done_at": 1626190025510,
        "split_id": 1
    },
    {
        "test_score_gib": 0.5663376226570302,
        "train_score": 0.5652361751152073,
        "test_score": 0.5663376226570302,
        "num_samples": 735,
        "fit_time": 7,
        "score_time": 34,
        "time": 41,
        "parameters": {
            "C": 0.01,
            "penalty": "l2"
        },
        "best_iteration": null,
        "done_at": 1626190025521,
        "split_id": 2
    },
    {
        "test_score_gib": 0.5189249270423253,
        "train_score": 0.5768205088692555,
        "test_score": 0.5189249270423253,
        "num_samples": 735,
        "fit_time": 11,
        "score_time": 35,
        "time": 46,
        "parameters": {
            "C": 0.01,
            "penalty": "l2"
        },
        "best_iteration": null,
        "done_at": 1626190025546,
        "split_id": 3
    },
    {
        "test_score_gib": 0.5708521848130521,
        "train_score": 0.564237894664749,
        "test_score": 0.5708521848130521,
        "num_samples": 735,
        "fit_time": 12,
        "score_time": 27,
        "time": 39,
        "parameters": {
            "C": 0.01,
            "penalty": "l2"
        },
        "best_iteration": null,
        "done_at": 1626190025549,
        "split_id": 4
    },
    {
        "test_score_gib": 0.5703958944281524,
        "train_score": 0.5642983344834843,
        "test_score": 0.5703958944281524,
        "num_samples": 736,
        "fit_time": 8,
        "score_time": 33,
        "time": 41,
        "parameters": {
            "C": 10.0,
            "penalty": "l2"
        },
        "best_iteration": null,
        "done_at": 1626190025554,
        "split_id": 0
    },
    {
        "test_score_gib": 0.595752688172043,
        "train_score": 0.5578342412184749,
        "test_score": 0.595752688172043,
        "num_samples": 736,
        "fit_time": 9,
        "score_time": 30,
        "time": 39,
        "parameters": {
            "C": 10.0,
            "penalty": "l2"
        },
        "best_iteration": null,
        "done_at": 1626190025563,
        "split_id": 1
    },
    {
        "test_score_gib": 0.5659459035979395,
        "train_score": 0.5652557432465487,
        "test_score": 0.5659459035979395,
        "num_samples": 735,
        "fit_time": 10,
        "score_time": 32,
        "time": 42,
        "parameters": {
            "C": 10.0,
            "penalty": "l2"
        },
        "best_iteration": null,
        "done_at": 1626190025591,
        "split_id": 2
    },
    {
        "test_score_gib": 0.5189347200188026,
        "train_score": 0.5767465168726214,
        "test_score": 0.5189347200188026,
        "num_samples": 735,
        "fit_time": 11,
        "score_time": 26,
        "time": 37,
        "parameters": {
            "C": 10.0,
            "penalty": "l2"
        },
        "best_iteration": null,
        "done_at": 1626190025588,
        "split_id": 3
    },
    {
        "test_score_gib": 0.5709990794602111,
        "train_score": 0.5642458442181064,
        "test_score": 0.5709990794602111,
        "num_samples": 735,
        "fit_time": 12,
        "score_time": 39,
        "time": 51,
        "parameters": {
            "C": 10.0,
            "penalty": "l2"
        },
        "best_iteration": null,
        "done_at": 1626190025606,
        "split_id": 4
    },
    {
        "test_score_gib": 0.5703861192570869,
        "train_score": 0.5642934402239613,
        "test_score": 0.5703861192570869,
        "num_samples": 736,
        "fit_time": 8,
        "score_time": 26,
        "time": 34,
        "parameters": {
            "C": 1.0,
            "penalty": "l2"
        },
        "best_iteration": null,
        "done_at": 1626190025603,
        "split_id": 0
    },
    {
        "test_score_gib": 0.5957526881720431,
        "train_score": 0.5578305705238327,
        "test_score": 0.5957526881720431,
        "num_samples": 736,
        "fit_time": 12,
        "score_time": 32,
        "time": 44,
        "parameters": {
            "C": 1.0,
            "penalty": "l2"
        },
        "best_iteration": null,
        "done_at": 1626190025636,
        "split_id": 1
    },
    {
        "test_score_gib": 0.5659948684803259,
        "train_score": 0.5652398441398339,
        "test_score": 0.5659948684803259,
        "num_samples": 735,
        "fit_time": 10,
        "score_time": 39,
        "time": 49,
        "parameters": {
            "C": 1.0,
            "penalty": "l2"
        },
        "best_iteration": null,
        "done_at": 1626190025642,
        "split_id": 2
    },
    {
        "test_score_gib": 0.5189249270423253,
        "train_score": 0.5767575239465008,
        "test_score": 0.5189249270423253,
        "num_samples": 735,
        "fit_time": 11,
        "score_time": 33,
        "time": 44,
        "parameters": {
            "C": 1.0,
            "penalty": "l2"
        },
        "best_iteration": null,
        "done_at": 1626190025649,
        "split_id": 3
    },
    {
        "test_score_gib": 0.5709990794602111,
        "train_score": 0.564245232714002,
        "test_score": 0.5709990794602111,
        "num_samples": 735,
        "fit_time": 13,
        "score_time": 32,
        "time": 45,
        "parameters": {
            "C": 1.0,
            "penalty": "l2"
        },
        "best_iteration": null,
        "done_at": 1626190025654,
        "split_id": 4
    },
    {
        "test_score_gib": 0.5703958944281524,
        "train_score": 0.564297722701044,
        "test_score": 0.5703958944281524,
        "num_samples": 736,
        "fit_time": 10,
        "score_time": 55,
        "time": 65,
        "parameters": {
            "C": 100.0,
            "penalty": "l2"
        },
        "best_iteration": null,
        "done_at": 1626190025702,
        "split_id": 0
    },
    {
        "test_score_gib": 0.595752688172043,
        "train_score": 0.5578403590428787,
        "test_score": 0.595752688172043,
        "num_samples": 736,
        "fit_time": 9,
        "score_time": 26,
        "time": 35,
        "parameters": {
            "C": 100.0,
            "penalty": "l2"
        },
        "best_iteration": null,
        "done_at": 1626190025682,
        "split_id": 1
    },
    {
        "test_score_gib": 0.565926317644985,
        "train_score": 0.5652581892629663,
        "test_score": 0.565926317644985,
        "num_samples": 735,
        "fit_time": 25,
        "score_time": 36,
        "time": 61,
        "parameters": {
            "C": 100.0,
            "penalty": "l2"
        },
        "best_iteration": null,
        "done_at": 1626190025711,
        "split_id": 2
    },
    {
        "test_score_gib": 0.5189347200188026,
        "train_score": 0.5767477398808301,
        "test_score": 0.5189347200188026,
        "num_samples": 735,
        "fit_time": 11,
        "score_time": 27,
        "time": 38,
        "parameters": {
            "C": 100.0,
            "penalty": "l2"
        },
        "best_iteration": null,
        "done_at": 1626190025706,
        "split_id": 3
    },
    {
        "test_score_gib": 0.5709990794602111,
        "train_score": 0.5642458442181064,
        "test_score": 0.5709990794602111,
        "num_samples": 735,
        "fit_time": 6,
        "score_time": 21,
        "time": 27,
        "parameters": {
            "C": 100.0,
            "penalty": "l2"
        },
        "best_iteration": null,
        "done_at": 1626190025710,
        "split_id": 4
    }
]