{
    "modelInputNRows": 3677,
    "modelInputNCols": 2,
    "modelInputIsSparse": false,
    "modelInputMemory": 58832,
    "usedGridSearch": true,
    "gridSize": 5,
    "gridBestScore": 0.564498011456796,
    "gridCells": [
        {
            "params": {
                "C": 0.1,
                "penalty": "l2"
            },
            "score": 0.5643825379040668,
            "scoreStd": 0.025066430354874134,
            "fitTime": 0.0104,
            "fitTimeStd": 0.0025768197453450254,
            "scoreTime": 0.032799999999999996,
            "scoreTimeStd": 0.005153639490690051
        },
        {
            "params": {
                "C": 0.01,
                "penalty": "l2"
            },
            "score": 0.564498011456796,
            "scoreStd": 0.025087945379860286,
            "fitTime": 0.0092,
            "fitTimeStd": 0.0019390719429665318,
            "scoreTime": 0.03,
            "scoreTimeStd": 0.0037416573867739412
        },
        {
            "params": {
                "C": 10.0,
                "penalty": "l2"
            },
            "score": 0.5644158114101998,
            "scoreStd": 0.025026593541129637,
            "fitTime": 0.01,
            "fitTimeStd": 0.0014142135623730952,
            "scoreTime": 0.032,
            "scoreTimeStd": 0.004242640687119285
        },
        {
            "params": {
                "C": 1.0,
                "penalty": "l2"
            },
            "score": 0.5644216849008006,
            "scoreStd": 0.02503029122730658,
            "fitTime": 0.0108,
            "fitTimeStd": 0.0017204650534085252,
            "scoreTime": 0.0324,
            "scoreTimeStd": 0.004127953488110059
        },
        {
            "params": {
                "C": 100.0,
                "penalty": "l2"
            },
            "score": 0.5644118963502538,
            "scoreStd": 0.025026355404255754,
            "fitTime": 0.012199999999999999,
            "fitTimeStd": 0.006615134163416491,
            "scoreTime": 0.033,
            "scoreTimeStd": 0.012016655108639841
        }
    ],
    "lmCoefficients": {
        "variables": [
            "score_2",
            "score_1"
        ],
        "coefs": [
            0.21217486674550143,
            0.18267788124295442
        ],
        "stderr": [
            0.03966139820650091,
            0.03930180650713603
        ],
        "tstat": [
            5.349656752916084,
            4.648078484885564
        ],
        "pvalue": [
            4.675106002327567e-08,
            1.7340438267510194e-06
        ],
        "interceptCoef": -0.0180260947943733,
        "interceptStderr": 0.03329448919920555,
        "interceptTstat": -0.5414137662999025,
        "interceptPvalue": 0.2941276242105342,
        "rescaledCoefs": [
            7.79478204074285,
            6.812337250625271
        ],
        "rescaledStderr": [
            1.457062088421642,
            1.4656244021647564
        ],
        "rescaledInterceptCoef": -0.6662503816083862,
        "rescaledInterceptStderr": 0.09345522088027865,
        "rescaledInterceptTstat": -7.129086800424881,
        "rescaledInterceptPvalue": 6.054046153280979e-13
    },
    "probaAware": true
}