{
  "state": "DONE",
  "preSearchDescription": {
    "gridLength": 5,
    "searchStrategy": "GRID",
    "importantParams": [
      {
        "name": "penalty",
        "vals": [
          "l2"
        ]
      },
      {
        "name": "C",
        "vals": [
          "0.01",
          "0.1",
          "1.0",
          "10.0",
          "100.0"
        ]
      }
    ]
  },
  "postSearchDescription": {
    "importantParams": [
      {
        "name": "C",
        "val": "0.01"
      },
      {
        "name": "penalty",
        "val": "l2"
      }
    ]
  },
  "resumed": false,
  "timeOrderingEnabled": false,
  "sampleWeightsEnabled": false,
  "modelId": "m1",
  "progress": {
    "top_level_todo": [],
    "stack": [],
    "top_level_done": [
      {
        "name": "Loading train set",
        "time": 16
      },
      {
        "name": "Loading test set",
        "time": 6
      },
      {
        "name": "Collecting statistics",
        "time": 5
      },
      {
        "name": "Preprocessing train set",
        "time": 61
      },
      {
        "name": "Preprocessing test set",
        "time": 11
      },
      {
        "name": "Hyperparameter searching",
        "time": 1030
      },
      {
        "name": "Fitting model",
        "time": 7
      },
      {
        "name": "Saving model",
        "time": 2
      },
      {
        "name": "Scoring model",
        "time": 446
      }
    ]
  },
  "startTime": 1626190025296,
  "endTime": 1626190027034,
  "preprocessingTime": 99,
  "trainingTime": 1639,
  "hyperparamsSearchTime": 1030
}