{
  "description": "",
  "name": "Logistic Regression",
  "starred": false,
  "clusterMetas": {},
  "customMeta": {
    "kv": {}
  },
  "tags": [],
  "activeClassifierThreshold": 0.0,
  "labels": [
    {
      "key": "trainDataset:dataset-name",
      "value": "samples_with_target"
    },
    {
      "key": "testDataset:dataset-name",
      "value": "samples_with_target"
    },
    {
      "key": "model:algorithm",
      "value": "LOGISTIC_REGRESSION"
    },
    {
      "key": "model:date",
      "value": "2021-07-13 17:27:07"
    }
  ]
}