{
    "per_feature": {
        "user_id": {
            "stats": {}
        },
        "item_id": {
            "stats": {}
        },
        "score_2": {
            "stats": {
                "min": 0.016233766233766,
                "average": 0.04445551064520478,
                "median": 0.038461538461538,
                "max": 0.277118437118437,
                "p99": 0.13559966891768402,
                "std": 0.027220115410087974
            },
            "missing_impute_with_value": 0.04445551064520478
        },
        "score_1": {
            "stats": {
                "min": 0.016025641025641,
                "average": 0.04428777668002655,
                "median": 0.039230769230769,
                "max": 0.262091104844588,
                "p99": 0.13637267144620094,
                "std": 0.02681574245699408
            },
            "missing_impute_with_value": 0.04428777668002655
        },
        "target": {
            "stats": {}
        }
    },
    "feature_order": [
        "user_id",
        "item_id",
        "score_2",
        "score_1",
        "target"
    ]
}