{
  "type": "CustomCode_recommendation-system-sampling",
  "neverRecomputeExistingPartitions": false,
  "optionalDependencies": false,
  "params": {
    "customConfig": {
      "negative_samples_generation_mode": "remove_historical_samples",
      "sampling_method": "negative_samples_percentage",
      "negative_samples_percentage": 75,
      "score_column_names": [
        "score_1",
        "score_2"
      ],
      "scored_samples_users_column_name": "user_id",
      "scored_samples_items_column_name": "item_id",
      "training_samples_users_column_name": "user_id",
      "training_samples_items_column_name": "item_id",
      "historical_samples_users_column_name": "user_id",
      "historical_samples_items_column_name": "item_id",
      "historical_samples": true
    },
    "containerSelection": {
      "containerMode": "INHERIT"
    }
  },
  "customMeta": {
    "kv": {}
  },
  "redispatchPartitioning": false,
  "maxRunningActivities": 0,
  "variables": {},
  "dkuProperties": [],
  "inputs": {
    "scored_samples_dataset": {
      "items": [
        {
          "ref": "all_scores_samples",
          "deps": []
        }
      ]
    },
    "training_samples_dataset": {
      "items": [
        {
          "ref": "samples_to_train_ml",
          "deps": []
        }
      ]
    },
    "historical_samples_dataset": {
      "items": [
        {
          "ref": "samples_for_cf_scores",
          "deps": []
        }
      ]
    }
  },
  "outputs": {
    "positive_negative_samples_dataset": {
      "items": [
        {
          "ref": "samples_with_target",
          "appendMode": false
        }
      ]
    }
  },
  "labels": [],
  "versionTag": {
    "versionNumber": 18,
    "lastModifiedBy": {
      "login": "admin"
    },
    "lastModifiedOn": 1624980438820
  },
  "creationTag": {
    "versionNumber": 0,
    "lastModifiedBy": {
      "login": "data_scientist_1"
    },
    "lastModifiedOn": 1621337695912
  },
  "tags": [],
  "customFields": {},
  "checklists": {
    "checklists": []
  }
}