{
  "type": "CustomCode_recommendation-system-auto-collaborative-filtering",
  "neverRecomputeExistingPartitions": false,
  "optionalDependencies": false,
  "params": {
    "customConfig": {
      "user_visit_threshold": 10,
      "item_visit_threshold": 10,
      "normalization_method": "l1_normalization",
      "collaborative_filtering_method": "user_based",
      "top_n_most_similar": 10,
      "timestamp_filtering": false,
      "top_n_most_recent": 20,
      "users_column_name": "user_id",
      "items_column_name": "item_id"
    },
    "containerSelection": {
      "containerMode": "INHERIT"
    }
  },
  "customMeta": {
    "kv": {}
  },
  "redispatchPartitioning": false,
  "maxRunningActivities": 0,
  "variables": {},
  "dkuProperties": [],
  "inputs": {
    "samples_dataset": {
      "items": [
        {
          "ref": "samples_for_cf_scores",
          "deps": []
        }
      ]
    }
  },
  "outputs": {
    "scored_samples_dataset": {
      "items": [
        {
          "ref": "cf_scores_1",
          "appendMode": false
        }
      ]
    }
  },
  "labels": [],
  "versionTag": {
    "versionNumber": 3,
    "lastModifiedBy": {
      "login": "admin"
    },
    "lastModifiedOn": 1624980251777
  },
  "creationTag": {
    "versionNumber": 0,
    "lastModifiedBy": {
      "login": "admin"
    },
    "lastModifiedOn": 1624979978679
  },
  "tags": [],
  "customFields": {},
  "checklists": {
    "checklists": []
  }
}