{
  "type": "prediction_scoring",
  "neverRecomputeExistingPartitions": false,
  "optionalDependencies": false,
  "params": {
    "containerSelection": {
      "containerMode": "INHERIT"
    }
  },
  "customMeta": {
    "kv": {}
  },
  "redispatchPartitioning": false,
  "maxRunningActivities": 0,
  "variables": {},
  "dkuProperties": [],
  "inputs": {
    "model": {
      "items": [
        {
          "ref": "z6FrUTKz",
          "deps": []
        }
      ]
    },
    "main": {
      "items": [
        {
          "ref": "all_scores_samples_duplicate",
          "deps": []
        }
      ]
    }
  },
  "outputs": {
    "main": {
      "items": [
        {
          "ref": "all_scores_samples_duplicate_scored",
          "appendMode": false
        }
      ]
    }
  },
  "labels": [],
  "versionTag": {
    "versionNumber": 9,
    "lastModifiedBy": {
      "login": "admin"
    },
    "lastModifiedOn": 1625676943531
  },
  "creationTag": {
    "versionNumber": 0,
    "lastModifiedBy": {
      "login": "data_scientist_1"
    },
    "lastModifiedOn": 1621376625532
  },
  "tags": [],
  "customFields": {},
  "checklists": {
    "checklists": []
  }
}