{
  "type": "split",
  "neverRecomputeExistingPartitions": false,
  "optionalDependencies": false,
  "customMeta": {
    "kv": {}
  },
  "redispatchPartitioning": false,
  "maxRunningActivities": 0,
  "variables": {},
  "dkuProperties": [],
  "inputs": {
    "main": {
      "items": [
        {
          "ref": "input_prepared",
          "deps": []
        }
      ]
    }
  },
  "outputs": {
    "main": {
      "items": [
        {
          "ref": "samples_for_cf_scores",
          "appendMode": false
        },
        {
          "ref": "samples_to_train_ml",
          "appendMode": false
        }
      ]
    }
  },
  "labels": [],
  "versionTag": {
    "versionNumber": 21,
    "lastModifiedBy": {
      "login": "admin"
    },
    "lastModifiedOn": 1626116540725
  },
  "creationTag": {
    "versionNumber": 0,
    "lastModifiedBy": {
      "login": "data_scientist_1"
    },
    "lastModifiedOn": 1621333592741
  },
  "tags": [],
  "customFields": {},
  "checklists": {
    "checklists": []
  }
}