{
  "type": "prediction_training",
  "neverRecomputeExistingPartitions": false,
  "optionalDependencies": false,
  "params": {
    "containerSelection": {
      "containerMode": "INHERIT"
    }
  },
  "customMeta": {
    "kv": {}
  },
  "redispatchPartitioning": false,
  "maxRunningActivities": 0,
  "variables": {},
  "dkuProperties": [],
  "inputs": {
    "main": {
      "items": [
        {
          "ref": "samples_with_target",
          "deps": []
        }
      ]
    }
  },
  "outputs": {
    "main": {
      "items": [
        {
          "ref": "z6FrUTKz",
          "appendMode": false
        }
      ]
    }
  },
  "labels": [],
  "versionTag": {
    "versionNumber": 6,
    "lastModifiedBy": {
      "login": "admin"
    },
    "lastModifiedOn": 1624980624606
  },
  "creationTag": {
    "versionNumber": 0,
    "lastModifiedBy": {
      "login": "data_scientist_1"
    },
    "lastModifiedOn": 1621339593748
  },
  "tags": [],
  "customFields": {},
  "checklists": {
    "checklists": []
  }
}