{
  "projectKey": "recoapp",
  "id": "RECOMMENDTOUSERS",
  "type": "step_based",
  "name": "Recommend to users",
  "active": false,
  "creationTag": {
    "versionNumber": 69,
    "lastModifiedBy": {
      "login": "admin"
    },
    "lastModifiedOn": 1625681862675
  },
  "versionTag": {
    "versionNumber": 70,
    "lastModifiedBy": {
      "login": "admin"
    },
    "lastModifiedOn": 1625682524070
  },
  "checklists": {
    "checklists": []
  },
  "delayedTriggersBehavior": {
    "delayWhileRunning": true,
    "squashDelayedTriggers": true,
    "suppressTriggersWhileRunning": true
  },
  "tags": [],
  "triggers": [],
  "reporters": [],
  "params": {
    "steps": [
      {
        "id": "custom_python",
        "type": "custom_python",
        "name": "Prepare recipe",
        "runConditionType": "RUN_IF_STATUS_MATCH",
        "runConditionStatuses": [
          "SUCCESS",
          "WARNING"
        ],
        "runConditionExpression": "",
        "resetScenarioStatus": false,
        "delayBetweenRetries": 10,
        "maxRetriesOnFail": 0,
        "params": {
          "script": "import dataiku\nfrom dku_app_utils import create_prepare_recipe, edit_prepare_recipe, move_datasets_to_zone, create_new_managed_dataset, copy_schema, apply_changes_before_run, create_sync_recipe\n\nproject \u003d dataiku.api_client().get_default_project()\nvariables \u003d project.get_variables()\n\nconnection_type \u003d variables[\"local\"][\"connection_type\"]\n\nif connection_type \u003d\u003d \"BigQuery\":\n    connection_id \u003d variables[\"local\"][\"gcs_connection_name\"]\nelse:\n    connection_id \u003d variables[\"local\"][\"connection_name\"]\n    \nusers_list_column \u003d variables[\"local\"][\"users_list_column\"]\n\nflow \u003d project.get_flow()\nzone \u003d flow.create_zone(\"Recommend to uploaded users\")\n\nvariables[\"local\"][\"users_reco_zone_id\"] \u003d zone.id\nproject.set_variables(variables)\n\n#upload_users_dataset.move_to_zone(zone.id)\n\ninput_name \u003d \"users_list\"\noutput_name \u003d variables[\"local\"][\"users_list_prepared\"]\n\nif connection_type \u003d\u003d \"BigQuery\":\n    output_name +\u003d \"_gcs\"\n\nrecipe \u003d create_prepare_recipe(input_name, output_name, connection_id)\n\nrenaming_map \u003d {users_list_column: \"user_id\"}\nschema_map \u003d {\"user_id\": \"string\"}\n\nedit_prepare_recipe(recipe, output_name, renaming_map, schema_map\u003dschema_map, run\u003dTrue)\n\nmove_datasets_to_zone(dataset_names\u003d[input_name, output_name], zone_id\u003dzone.id)\n\n\nif connection_type \u003d\u003d \"BigQuery\":\n    gcs_connection_name \u003d variables[\"local\"][\"gcs_connection_name\"]\n    connection_name \u003d variables[\"local\"][\"connection_name\"]\n\n    input_name \u003d variables[\"local\"][\"users_list_prepared\"] + \"_gcs\"\n    output_name \u003d variables[\"local\"][\"users_list_prepared\"]\n    \n    create_new_managed_dataset(output_name, connection_name)\n    copy_schema(input_name, output_name)\n    \n    recipe \u003d create_sync_recipe(input_name, output_name)\n    \n    apply_changes_before_run(recipe, run\u003dTrue)\n    \n    move_datasets_to_zone(dataset_names\u003d[input_name, output_name], zone_id\u003dzone.id)\n",
          "envSelection": {
            "envMode": "INHERIT"
          },
          "proceedOnFailure": false
        }
      },
      {
        "id": "custom_python_1",
        "type": "custom_python",
        "name": "Top N items",
        "runConditionType": "RUN_IF_STATUS_MATCH",
        "runConditionStatuses": [
          "SUCCESS",
          "WARNING"
        ],
        "runConditionExpression": "",
        "resetScenarioStatus": false,
        "delayBetweenRetries": 10,
        "maxRetriesOnFail": 0,
        "params": {
          "script": "import dataiku\nfrom dku_app_utils import create_topn_recipe, edit_topn_recipe, move_datasets_to_zone\n\n\nproject \u003d dataiku.api_client().get_default_project()\nvariables \u003d project.get_variables()\nconnection_id \u003d variables[\"local\"][\"connection_name\"]\ntop_n \u003d int(variables[\"local\"][\"top_n_items\"])\n\n\ninput_name \u003d \"all_scores_samples_duplicate_scored\"\noutput_name \u003d variables[\"local\"][\"top_n_items_per_users\"]\n\nrecipe \u003d create_topn_recipe(input_name, output_name, connection_id)\n\nedit_topn_recipe(recipe, top_n, ranking_column\u003d\"proba_1\", run\u003dTrue)\n\nmove_datasets_to_zone(dataset_names\u003d[output_name], zone_id\u003dvariables[\"local\"][\"users_reco_zone_id\"])",
          "envSelection": {
            "envMode": "INHERIT"
          },
          "proceedOnFailure": false
        }
      },
      {
        "id": "custom_python_+1GqUEc1dJkFjCasuivXbg",
        "type": "custom_python",
        "name": "Join recipe",
        "runConditionType": "RUN_IF_STATUS_MATCH",
        "runConditionStatuses": [
          "SUCCESS",
          "WARNING"
        ],
        "runConditionExpression": "",
        "resetScenarioStatus": false,
        "delayBetweenRetries": 10,
        "maxRetriesOnFail": 0,
        "params": {
          "script": "import dataiku\nfrom dku_app_utils import create_join_recipe, edit_join_recipe, move_datasets_to_zone\n\nproject \u003d dataiku.api_client().get_default_project()\nvariables \u003d project.get_variables()\nconnection_id \u003d variables[\"local\"][\"connection_name\"]\n\nusers_list_prepared \u003d variables[\"local\"][\"users_list_prepared\"]\ntop_n_items_per_users \u003d variables[\"local\"][\"top_n_items_per_users\"]\n\noutput_name \u003d variables[\"local\"][\"users_list_with_reco\"]\n\nrecipe \u003d create_join_recipe(users_list_prepared, top_n_items_per_users, output_name, connection_id)\nedit_join_recipe(recipe, \"user_id\", \"user_id\", run\u003dTrue)\n\nmove_datasets_to_zone(dataset_names\u003d[output_name], zone_id\u003dvariables[\"local\"][\"users_reco_zone_id\"])",
          "envSelection": {
            "envMode": "INHERIT"
          },
          "proceedOnFailure": false
        }
      }
    ]
  },
  "automationLocal": false,
  "customFields": {}
}