{
  "projectKey": "NEWRECOCOMPLETEWORKFLOW",
  "id": "RECOMMENDTOUSERS",
  "type": "step_based",
  "name": "Recommend to users",
  "active": false,
  "creationTag": {
    "versionNumber": 99,
    "lastModifiedBy": {
      "login": "admin"
    },
    "lastModifiedOn": 1626190700458
  },
  "versionTag": {
    "versionNumber": 100,
    "lastModifiedBy": {
      "login": "admin"
    },
    "lastModifiedOn": 1628610598818
  },
  "checklists": {
    "checklists": []
  },
  "delayedTriggersBehavior": {
    "delayWhileRunning": true,
    "squashDelayedTriggers": true,
    "suppressTriggersWhileRunning": true
  },
  "tags": [],
  "triggers": [],
  "reporters": [],
  "params": {
    "steps": [
      {
        "id": "custom_python",
        "type": "custom_python",
        "name": "Prepare recipe",
        "runConditionType": "RUN_IF_STATUS_MATCH",
        "runConditionStatuses": [
          "SUCCESS",
          "WARNING"
        ],
        "runConditionExpression": "",
        "resetScenarioStatus": false,
        "delayBetweenRetries": 10,
        "maxRetriesOnFail": 0,
        "params": {
          "script": "from recommendation_system.dku_utils import (\n    get_current_project_and_variables,\n    create_prepare_recipe,\n    edit_prepare_recipe,\n    set_subset_schema,\n    update_recipe_ouput_schema,\n    move_datasets_to_zone\n)\n\nproject, variables \u003d get_current_project_and_variables()\n\nconnection_type \u003d variables[\"local\"][\"connection_type\"]\nconnection_name \u003d variables[\"local\"][\"connection_name\"]\nusers_list_column \u003d variables[\"local\"][\"users_list_column\"]\n\nflow \u003d project.get_flow()\nzone \u003d flow.create_zone(\"Recommend to users list\")\n\nvariables[\"local\"][\"users_reco_zone_id\"] \u003d zone.id\nproject.set_variables(variables)\n\ninput_name \u003d \"input_users\"\noutput_name \u003d \"input_users_prepared\"\n\nrecipe_name \u003d create_prepare_recipe(project, input_name, output_name, connection_name)\n\nrenaming_map \u003d {users_list_column: \"user_id\"}\nedit_prepare_recipe(project, recipe_name, renaming_map)\n\nschema_map \u003d {\"user_id\": \"string\"}\nset_subset_schema(project, output_name, schema_map)\n\nupdate_recipe_ouput_schema(project, recipe_name, run\u003dTrue)\n\nmove_datasets_to_zone(project, dataset_names\u003d[input_name, output_name], zone_id\u003dzone.id)\n\n",
          "envSelection": {
            "envMode": "INHERIT"
          },
          "proceedOnFailure": false
        }
      },
      {
        "id": "custom_python_1",
        "type": "custom_python",
        "name": "Top N items",
        "runConditionType": "RUN_IF_STATUS_MATCH",
        "runConditionStatuses": [
          "SUCCESS",
          "WARNING"
        ],
        "runConditionExpression": "",
        "resetScenarioStatus": false,
        "delayBetweenRetries": 10,
        "maxRetriesOnFail": 0,
        "params": {
          "script": "from recommendation_system.dku_utils import (\n    get_current_project_and_variables,\n    create_topn_recipe,\n    edit_topn_recipe,\n    update_recipe_ouput_schema,\n    move_datasets_to_zone\n)\n\nproject, variables \u003d get_current_project_and_variables()\n\nconnection_name \u003d variables[\"local\"][\"connection_name\"]\ntop_n \u003d int(variables[\"local\"][\"top_n_items\"])\n\ninput_name \u003d \"all_scores_samples_duplicate_scored\"\noutput_name \u003d variables[\"local\"][\"top_n_items_per_users\"]\n\nrecipe_name \u003d create_topn_recipe(project, input_name, output_name, connection_name)\n\nedit_topn_recipe(project, recipe_name, top_n, ranking_column\u003d\"proba_1\")\n\nupdate_recipe_ouput_schema(project, recipe_name, run\u003dTrue)\n\nmove_datasets_to_zone(project, dataset_names\u003d[output_name], zone_id\u003dvariables[\"local\"][\"users_reco_zone_id\"])",
          "envSelection": {
            "envMode": "INHERIT"
          },
          "proceedOnFailure": false
        }
      },
      {
        "id": "custom_python_+1GqUEc1dJkFjCasuivXbg",
        "type": "custom_python",
        "name": "Join recipe",
        "runConditionType": "RUN_IF_STATUS_MATCH",
        "runConditionStatuses": [
          "SUCCESS",
          "WARNING"
        ],
        "runConditionExpression": "",
        "resetScenarioStatus": false,
        "delayBetweenRetries": 10,
        "maxRetriesOnFail": 0,
        "params": {
          "script": "from recommendation_system.dku_utils import (\n    get_current_project_and_variables,\n    create_join_recipe,\n    edit_join_recipe,\n    update_recipe_ouput_schema,\n    move_datasets_to_zone\n)\n\nproject, variables \u003d get_current_project_and_variables()\n\nconnection_name \u003d variables[\"local\"][\"connection_name\"]\n\nusers_list_prepared \u003d variables[\"local\"][\"input_users_prepared\"]\ntop_n_items_per_users \u003d variables[\"local\"][\"top_n_items_per_users\"]\n\noutput_name \u003d variables[\"local\"][\"users_with_reco\"]\n\nrecipe_name \u003d create_join_recipe(project, users_list_prepared, top_n_items_per_users, output_name)\n\nedit_join_recipe(project, recipe_name, \"user_id\", \"user_id\")\n\nupdate_recipe_ouput_schema(project, recipe_name, run\u003dTrue)\n\nmove_datasets_to_zone(project, dataset_names\u003d[output_name], zone_id\u003dvariables[\"local\"][\"users_reco_zone_id\"])",
          "envSelection": {
            "envMode": "INHERIT"
          },
          "proceedOnFailure": false
        }
      }
    ]
  },
  "automationLocal": false,
  "customFields": {}
}