{
  "projectKey": "NEWRECOCOMPLETEWORKFLOW",
  "id": "RECONFIGURE_CONNECTION_SETTINGS",
  "type": "step_based",
  "name": "Reconfigure connection settings",
  "active": false,
  "creationTag": {
    "versionNumber": 49,
    "lastModifiedBy": {
      "login": "admin"
    },
    "lastModifiedOn": 1626190803701
  },
  "versionTag": {
    "versionNumber": 50,
    "lastModifiedBy": {
      "login": "admin"
    },
    "lastModifiedOn": 1626190890248
  },
  "checklists": {
    "checklists": []
  },
  "delayedTriggersBehavior": {
    "delayWhileRunning": true,
    "squashDelayedTriggers": true,
    "suppressTriggersWhileRunning": true
  },
  "tags": [],
  "triggers": [],
  "reporters": [],
  "params": {
    "steps": [
      {
        "id": "custom_python_OHhHVdlnVjpI8xug/rOmBA",
        "type": "custom_python",
        "name": "Change all datasets connections",
        "runConditionType": "RUN_IF_STATUS_MATCH",
        "runConditionStatuses": [
          "SUCCESS",
          "WARNING"
        ],
        "runConditionExpression": "",
        "resetScenarioStatus": false,
        "delayBetweenRetries": 10,
        "maxRetriesOnFail": 0,
        "params": {
          "script": "from recommendation_system.dku_utils import (get_current_project_and_variables,\n                                              get_all_projects_datasets,\n                                              change_dataset_connection_to_sql,\n                                              change_sql_dataset_table_naming_strategy)\nfrom recommendation_system.config.flow.constants import FLOW_INPUTS\n\n\nproject, variables \u003d get_current_project_and_variables()\nmain_connection \u003d variables[\"local\"][\"connection_name\"]\nconnection_type \u003d variables[\"local\"][\"connection_type\"]\nconnection_schema \u003d variables[\"local\"].get(\"connection_schema\")\nif connection_schema is None:\n    connection_schema \u003d \"\"\n\nproject_datasets \u003d get_all_projects_datasets(project)\n\nfor dataset_name in project_datasets:\n    change_dataset_connection_to_sql(project,\n                                     dataset_name,\n                                     main_connection,\n                                     connection_type,\n                                     connection_schema\n                                    )\n    \n    if dataset_name not in FLOW_INPUTS:\n        change_sql_dataset_table_naming_strategy(project, dataset_name)\n",
          "envSelection": {
            "envMode": "INHERIT"
          },
          "proceedOnFailure": false
        }
      },
      {
        "id": "custom_python_Ajx/T5Zj6uzgCGqsG0haKg",
        "type": "custom_python",
        "name": "Change input tables settings",
        "runConditionType": "RUN_IF_STATUS_MATCH",
        "runConditionStatuses": [
          "SUCCESS",
          "WARNING"
        ],
        "runConditionExpression": "",
        "resetScenarioStatus": false,
        "delayBetweenRetries": 10,
        "maxRetriesOnFail": 0,
        "params": {
          "script": "from recommendation_system.dku_utils import get_current_project_and_variables, copy_sql_dataset_connection_settings\nfrom recommendation_system.config.flow.constants import FLOW_INPUTS\n\nproject, variables \u003d get_current_project_and_variables()\n\nfor input_dataset_name in FLOW_INPUTS:\n    dataset \u003d project.get_dataset(input_dataset_name)\n    dataset_settings \u003d dataset.get_settings()\n    dataset_settings.settings[\"params\"][\"table\"] \u003d \"{}_TABLE_TO_EDIT\".format(input_dataset_name)\n    dataset_settings.settings[\"params\"][\"mode\"] \u003d \"table\"\n    dataset_settings.settings[\"params\"][\"schema\"] \u003d \"\"\n    dataset_settings.save()",
          "envSelection": {
            "envMode": "INHERIT"
          },
          "proceedOnFailure": false
        }
      },
      {
        "id": "custom_python_tqdF0xicoW4iCXRZcJabYg",
        "type": "custom_python",
        "name": "Convert inputs to not managed state",
        "runConditionType": "RUN_IF_STATUS_MATCH",
        "runConditionStatuses": [
          "SUCCESS",
          "WARNING"
        ],
        "runConditionExpression": "",
        "resetScenarioStatus": false,
        "delayBetweenRetries": 10,
        "maxRetriesOnFail": 0,
        "params": {
          "script": "from recommendation_system.dku_utils import get_current_project_and_variables, change_dataset_managed_state\nfrom recommendation_system.config.flow.constants import FLOW_INPUTS\n\nproject, variables \u003d get_current_project_and_variables()\n\nfor input_dataset_name in FLOW_INPUTS:\n    change_dataset_managed_state(project, input_dataset_name, False)",
          "envSelection": {
            "envMode": "INHERIT"
          },
          "proceedOnFailure": false
        }
      }
    ]
  },
  "automationLocal": false,
  "customFields": {}
}