{
  "projectKey": "NEWRECOCOMPLETEWORKFLOW",
  "id": "RUNCOMPLETEFLOW",
  "type": "step_based",
  "name": "Run complete recommendation system",
  "active": false,
  "creationTag": {
    "versionNumber": 52,
    "lastModifiedBy": {
      "login": "admin"
    },
    "lastModifiedOn": 1626190194126
  },
  "versionTag": {
    "versionNumber": 53,
    "lastModifiedBy": {
      "login": "admin"
    },
    "lastModifiedOn": 1626190453798
  },
  "checklists": {
    "checklists": []
  },
  "delayedTriggersBehavior": {
    "delayWhileRunning": true,
    "squashDelayedTriggers": true,
    "suppressTriggersWhileRunning": true
  },
  "tags": [],
  "triggers": [],
  "reporters": [],
  "params": {
    "steps": [
      {
        "id": "custom_python_/FO9wQeU24VSlNQkfcnHkQ",
        "type": "custom_python",
        "name": "Edit input samples prepare recipe",
        "runConditionType": "RUN_IF_STATUS_MATCH",
        "runConditionStatuses": [
          "SUCCESS",
          "WARNING"
        ],
        "runConditionExpression": "",
        "resetScenarioStatus": false,
        "delayBetweenRetries": 10,
        "maxRetriesOnFail": 0,
        "params": {
          "script": "from recommendation_system.dku_utils import get_current_project_and_variables, edit_prepare_recipe, set_subset_schema, update_recipe_ouput_schema\n\nproject, variables \u003d get_current_project_and_variables()\n\nusers_column \u003d variables[\"local\"][\"users_column\"]\nitems_column \u003d variables[\"local\"][\"items_column\"]\ntimestamp_column \u003d variables[\"local\"][\"timestamp_column\"]\n\nrecipe_name \u003d \"compute_input_prepared\"\noutput_name \u003d \"input_prepared\"\nrenaming_map \u003d {users_column: \"user_id\", items_column: \"item_id\", timestamp_column: \"timestamp\"}\nedit_prepare_recipe(project, recipe_name, renaming_map)\n\nschema_map \u003d {\"user_id\": \"string\", \"item_id\": \"string\"}\nset_subset_schema(project, output_name, schema_map)\n\nupdate_recipe_ouput_schema(project, recipe_name)",
          "envSelection": {
            "envMode": "INHERIT"
          },
          "proceedOnFailure": false
        }
      },
      {
        "id": "custom_python_bSQcr1lN8EOzvh+GiOcPsw",
        "type": "custom_python",
        "name": "Change recipes engine",
        "runConditionType": "DISABLED",
        "runConditionStatuses": [
          "SUCCESS",
          "WARNING"
        ],
        "runConditionExpression": "",
        "resetScenarioStatus": false,
        "delayBetweenRetries": 10,
        "maxRetriesOnFail": 0,
        "params": {
          "script": "from recommendation_system.dku_utils import get_current_project_and_variables, switch_recipe_engine\nfrom recommendation_system.config.flow.engines import DEFAULT_ENGINE\nfrom recommendation_system.config.flow.constants import RECIPE_TYPES_FOR_ENGINE_SWITCH\n\nproject, variables \u003d get_current_project_and_variables()\n\nfor recipe in project.list_recipes():\n    if recipe[\"type\"] in RECIPE_TYPES_FOR_ENGINE_SWITCH:\n        recipe_name \u003d recipe[\"name\"]        \n        switch_recipe_engine(project, recipe_name, DEFAULT_ENGINE)",
          "envSelection": {
            "envMode": "INHERIT"
          },
          "proceedOnFailure": false
        }
      },
      {
        "id": "build_0_true_m_z6FrUTKz",
        "type": "build_flowitem",
        "name": "Build until sampling",
        "runConditionType": "RUN_IF_STATUS_MATCH",
        "runConditionStatuses": [
          "SUCCESS",
          "WARNING"
        ],
        "runConditionExpression": "",
        "resetScenarioStatus": false,
        "delayBetweenRetries": 10,
        "maxRetriesOnFail": 0,
        "params": {
          "builds": [
            {
              "type": "SAVED_MODEL",
              "itemId": "WRWF3QP2",
              "partitionsSpec": ""
            }
          ],
          "jobType": "RECURSIVE_FORCED_BUILD",
          "refreshHiveMetastore": true,
          "proceedOnFailure": false
        }
      },
      {
        "id": "build_0_true_d_all_scores_samples_duplicate",
        "type": "build_flowitem",
        "name": "Build duplicated flow",
        "runConditionType": "RUN_IF_STATUS_MATCH",
        "runConditionStatuses": [
          "SUCCESS",
          "WARNING"
        ],
        "runConditionExpression": "",
        "resetScenarioStatus": false,
        "delayBetweenRetries": 10,
        "maxRetriesOnFail": 0,
        "params": {
          "builds": [
            {
              "type": "DATASET",
              "itemId": "all_scores_samples_duplicate_scored",
              "partitionsSpec": ""
            }
          ],
          "jobType": "RECURSIVE_BUILD",
          "refreshHiveMetastore": true,
          "proceedOnFailure": false
        }
      },
      {
        "id": "custom_python_fYFqhzcozFi6sMTzgr7w5Q",
        "type": "custom_python",
        "name": "Create ML model",
        "runConditionType": "DISABLED",
        "runConditionStatuses": [
          "SUCCESS",
          "WARNING"
        ],
        "runConditionExpression": "",
        "resetScenarioStatus": false,
        "delayBetweenRetries": 10,
        "maxRetriesOnFail": 0,
        "params": {
          "script": "from recommendation_system.dku_utils import (\n    get_current_project_and_variables,\n    move_datasets_to_zone\n)\nfrom dataikuapi import PredictionScoringRecipeCreator\n\nproject, variables \u003d get_current_project_and_variables()\n\nflow \u003d project.get_flow()\nzone \u003d flow.create_zone(\"Scoring\")\n\nconnection_name \u003d variables[\"local\"][\"connection_name\"]\n\ntrain_input_name \u003d \"samples_with_target\"\nscore_input_name \u003d \"all_scores_samples_duplicate\" \noutput_name \u003d \"all_scores_samples_duplicate_scored\"\n\nprediction_task \u003d project.create_prediction_ml_task(\n    input_dataset\u003dtrain_input_name,\n    target_variable\u003d\"target\",\n    ml_backend_type\u003d\u0027PY_MEMORY\u0027,\n    guess_policy\u003d\u0027SIMPLE_FORMULA\u0027,\n    prediction_type\u003d\"BINARY_CLASSIFICATION\",\n    wait_guess_complete\u003dTrue\n)\n\nmodel_id \u003d prediction_task.train()\n\ndeployed \u003d prediction_task.deploy_to_flow(\n    model_id\u003dmodel_id[0],\n    model_name\u003d\"sample_prediction\",\n    train_dataset\u003dtrain_input_name\n)\n\nsaved_model_id \u003d deployed[\"savedModelId\"]\n\nbuilder \u003d PredictionScoringRecipeCreator(\"score_samples\", project)\nbuilder.with_input_model(saved_model_id)\nbuilder.with_input(score_input_name)\nbuilder.with_new_output(output_name, connection_name)\n\nrecipe \u003d builder.build()\n\nrecipe.run()\n\nmove_datasets_to_zone(project, dataset_names\u003d[output_name], zone_id\u003dzone.id)\n\n",
          "envSelection": {
            "envMode": "INHERIT"
          },
          "proceedOnFailure": false
        }
      }
    ]
  },
  "automationLocal": false,
  "customFields": {}
}