{
  "projectKey": "recoapp",
  "id": "RUNCOMPLETEFLOW",
  "type": "step_based",
  "name": "Run complete recommendation system",
  "active": false,
  "creationTag": {
    "versionNumber": 15,
    "lastModifiedBy": {
      "login": "admin"
    },
    "lastModifiedOn": 1625235798974
  },
  "versionTag": {
    "versionNumber": 16,
    "lastModifiedBy": {
      "login": "admin"
    },
    "lastModifiedOn": 1625235906417
  },
  "checklists": {
    "checklists": []
  },
  "delayedTriggersBehavior": {
    "delayWhileRunning": true,
    "squashDelayedTriggers": true,
    "suppressTriggersWhileRunning": true
  },
  "tags": [],
  "triggers": [],
  "reporters": [],
  "params": {
    "steps": [
      {
        "id": "custom_python_/FO9wQeU24VSlNQkfcnHkQ",
        "type": "custom_python",
        "name": "Edit input samples prepare recipe",
        "runConditionType": "RUN_IF_STATUS_MATCH",
        "runConditionStatuses": [
          "SUCCESS",
          "WARNING"
        ],
        "runConditionExpression": "",
        "resetScenarioStatus": false,
        "delayBetweenRetries": 10,
        "maxRetriesOnFail": 0,
        "params": {
          "script": "import dataiku\nfrom dku_app_utils import edit_prepare_recipe\n\nproject \u003d dataiku.api_client().get_default_project()\nvariables \u003d project.get_variables()\n\nusers_column \u003d variables[\"local\"][\"users_column\"]\nitems_column \u003d variables[\"local\"][\"items_column\"]\ntimestamp_column \u003d variables[\"local\"][\"timestamp_column\"]\n\nrecipe \u003d project.get_recipe(\"compute_input_prepared\")\noutput_name \u003d \"input_prepared\"\nrenaming_map \u003d {users_column: \"user_id\", items_column: \"item_id\", timestamp_column: \"timestamp\"}\nschema_map \u003d {\"user_id\": \"string\", \"item_id\": \"string\"}\n\nedit_prepare_recipe(recipe, output_name, renaming_map, schema_map\u003dschema_map, run\u003dFalse)\n",
          "envSelection": {
            "envMode": "INHERIT"
          },
          "proceedOnFailure": false
        }
      },
      {
        "id": "build_0_true_m_z6FrUTKz",
        "type": "build_flowitem",
        "name": "Build model",
        "runConditionType": "RUN_IF_STATUS_MATCH",
        "runConditionStatuses": [
          "SUCCESS",
          "WARNING"
        ],
        "resetScenarioStatus": false,
        "delayBetweenRetries": 10,
        "maxRetriesOnFail": 0,
        "params": {
          "builds": [
            {
              "type": "SAVED_MODEL",
              "itemId": "z6FrUTKz"
            }
          ],
          "jobType": "RECURSIVE_FORCED_BUILD",
          "refreshHiveMetastore": true,
          "proceedOnFailure": false
        }
      },
      {
        "id": "build_0_true_d_top_n_items_per_users",
        "type": "build_flowitem",
        "name": "Build recommendations",
        "runConditionType": "RUN_IF_STATUS_MATCH",
        "runConditionStatuses": [
          "SUCCESS",
          "WARNING"
        ],
        "resetScenarioStatus": false,
        "delayBetweenRetries": 10,
        "maxRetriesOnFail": 0,
        "params": {
          "builds": [
            {
              "type": "DATASET",
              "itemId": "all_scores_samples_duplicate_scored",
              "partitionsSpec": ""
            }
          ],
          "jobType": "RECURSIVE_BUILD",
          "refreshHiveMetastore": true,
          "proceedOnFailure": false
        }
      }
    ]
  },
  "automationLocal": false,
  "customFields": {}
}