{
  "projectKey": "recoapp",
  "id": "SET_INPUT_TABLE_SETTINGS",
  "type": "step_based",
  "name": "Set input table settings",
  "active": false,
  "creationTag": {
    "versionNumber": 1,
    "lastModifiedBy": {
      "login": "admin"
    },
    "lastModifiedOn": 1625668356448
  },
  "versionTag": {
    "versionNumber": 2,
    "lastModifiedBy": {
      "login": "admin"
    },
    "lastModifiedOn": 1625668369451
  },
  "checklists": {
    "checklists": []
  },
  "delayedTriggersBehavior": {
    "delayWhileRunning": true,
    "squashDelayedTriggers": true,
    "suppressTriggersWhileRunning": true
  },
  "tags": [],
  "triggers": [],
  "reporters": [],
  "params": {
    "steps": [
      {
        "id": "custom_python_APQZJy6U3XRdi9TgsUq09A",
        "type": "custom_python",
        "name": "Step #1",
        "runConditionType": "RUN_IF_STATUS_MATCH",
        "runConditionStatuses": [
          "SUCCESS",
          "WARNING"
        ],
        "runConditionExpression": "",
        "resetScenarioStatus": false,
        "delayBetweenRetries": 10,
        "maxRetriesOnFail": 0,
        "params": {
          "script": "import dataiku\nfrom dataikuapi.dss.dataset import SQLDatasetSettings\n\ninput_dataset_name \u003d \"input\"\n\nproject \u003d dataiku.api_client().get_default_project()\nvariables \u003d project.get_variables()\n\nnew_connection_name \u003d variables[\"local\"][\"connection_name\"]\nnew_connection_type \u003d variables[\"local\"][\"connection_type\"]\n\ndataset \u003d project.get_dataset(input_dataset_name)\ndataset_settings \u003d dataset.get_settings()\n\ndataset_settings.settings[\"params\"][\"connection\"] \u003d new_connection_name\ndataset_settings.settings[\"type\"] \u003d new_connection_type\n\ndataset_settings.save()\n\n    # MySQL connection doesn\u0027t have the \"schema\" param (it fails with it)\n#     if new_connection_type \u003d\u003d \"MySQL\":\n#         dataset_settings.settings[\"params\"].pop(\"schema\", None)\n    # elif \"schema\" not in dataset_settings.settings[\"params\"]:\n    #    dataset_settings.settings[\"params\"][\"schema\"] \u003d \"public\"\n\n    ",
          "envSelection": {
            "envMode": "INHERIT"
          },
          "proceedOnFailure": false
        }
      }
    ]
  },
  "automationLocal": false,
  "customFields": {}
}