{
  "name": "Duplicate flow for scoring",
  "color": "#8C2DA7",
  "items": [
    {
      "objectId": "compute_all_scores_samples_2",
      "objectType": "RECIPE"
    },
    {
      "objectId": "compute_user_based_scores_samples_l1_stacked_unique_2",
      "objectType": "RECIPE"
    },
    {
      "objectId": "score_all_scores_samples_scoring_duplicate",
      "objectType": "RECIPE"
    },
    {
      "objectId": "compute_cf_scores_1_all_samples",
      "objectType": "RECIPE"
    },
    {
      "objectId": "compute_cf_scores_2_all_samples",
      "objectType": "RECIPE"
    },
    {
      "objectId": "cf_scores_1_duplicate",
      "objectType": "DATASET"
    },
    {
      "objectId": "cf_scores_2_duplicate",
      "objectType": "DATASET"
    },
    {
      "objectId": "stacked_unique_user_item_duplicate",
      "objectType": "DATASET"
    },
    {
      "objectId": "all_scores_samples_duplicate",
      "objectType": "DATASET"
    },
    {
      "objectId": "all_scores_samples_duplicate_scored",
      "objectType": "DATASET"
    }
  ],
  "shared": [],
  "tags": [],
  "customFields": {},
  "checklists": {
    "checklists": []
  }
}